model;dt;re-plan after #timesteps;planning horizon;v_min [m/s];v_max [m/s];a_min [m/s^2];a_max [m/s^2];delta_min [radians];delta_max [radians];v_delta_min [radians/s];v_delta_max [radians/s];road name;road completion;objective value;avg solve time;max solve time;min solve time;url animation;url stats
PM;10.00ms;8;5;2.5;6.0;-4;4;-0.6981317007977318;0.6981317007977318;-8;8;Straight;97.95%;maximize_distance: 176.31;3.99ms;5.64ms;1.16ms;"=HYPERLINK(""http://wg-server.net:8000/straight-RoadAlignedModel-27-01-2025 09:45:18/animation.mp4""; ""Animation"")";"=HYPERLINK(""http://wg-server.net:8000/straight-RoadAlignedModel-27-01-2025 09:45:18/stats.pdf""; ""Stats"")"
KST;10.00ms;8;5;2.5;6.0;-4;4;-0.6981317007977318;0.6981317007977318;-8;8;Straight;97.94%;maximize_distance: 176.29;4.94ms;7.75ms;1.15ms;"=HYPERLINK(""http://wg-server.net:8000/straight-OrientedRoadFollowingModel-27-01-2025 09:45:18/animation.mp4""; ""Animation"")";"=HYPERLINK(""http://wg-server.net:8000/straight-OrientedRoadFollowingModel-27-01-2025 09:45:18/stats.pdf""; ""Stats"")"
PM;10.00ms;8;5;2.5;6.0;-4;4;-0.6981317007977318;0.6981317007977318;-8;8;Left Turn;97.96%;maximize_distance: 230.82;4.32ms;7.60ms;1.33ms;"=HYPERLINK(""http://wg-server.net:8000/left_turn-RoadAlignedModel-27-01-2025 09:45:18/animation.mp4""; ""Animation"")";"=HYPERLINK(""http://wg-server.net:8000/left_turn-RoadAlignedModel-27-01-2025 09:45:18/stats.pdf""; ""Stats"")"
KST;10.00ms;8;5;2.5;6.0;-4;4;-0.6981317007977318;0.6981317007977318;-8;8;Left Turn;97.96%;maximize_distance: 230.82;5.11ms;6.33ms;1.46ms;"=HYPERLINK(""http://wg-server.net:8000/left_turn-OrientedRoadFollowingModel-27-01-2025 09:45:18/animation.mp4""; ""Animation"")";"=HYPERLINK(""http://wg-server.net:8000/left_turn-OrientedRoadFollowingModel-27-01-2025 09:45:18/stats.pdf""; ""Stats"")"
PM;10.00ms;8;5;2.5;6.0;-4;4;-0.6981317007977318;0.6981317007977318;-8;8;Lane Change;96.95%;maximize_distance: 98.78;4.05ms;5.54ms;1.06ms;"=HYPERLINK(""http://wg-server.net:8000/lane_change-RoadAlignedModel-27-01-2025 09:45:18/animation.mp4""; ""Animation"")";"=HYPERLINK(""http://wg-server.net:8000/lane_change-RoadAlignedModel-27-01-2025 09:45:18/stats.pdf""; ""Stats"")"
KST;10.00ms;8;5;2.5;6.0;-4;4;-0.6981317007977318;0.6981317007977318;-8;8;Lane Change;96.95%;maximize_distance: 98.78;4.96ms;6.68ms;1.33ms;"=HYPERLINK(""http://wg-server.net:8000/lane_change-OrientedRoadFollowingModel-27-01-2025 09:45:18/animation.mp4""; ""Animation"")";"=HYPERLINK(""http://wg-server.net:8000/lane_change-OrientedRoadFollowingModel-27-01-2025 09:45:18/stats.pdf""; ""Stats"")"
PM;10.00ms;8;5;2.5;6.0;-4;4;-0.6981317007977318;0.6981317007977318;-8;8;Slalom;97.97%;maximize_distance: 316.18;4.30ms;16.78ms;1.22ms;"=HYPERLINK(""http://wg-server.net:8000/slalom-RoadAlignedModel-27-01-2025 09:45:18/animation.mp4""; ""Animation"")";"=HYPERLINK(""http://wg-server.net:8000/slalom-RoadAlignedModel-27-01-2025 09:45:18/stats.pdf""; ""Stats"")"
KST;10.00ms;8;5;2.5;6.0;-4;4;-0.6981317007977318;0.6981317007977318;-8;8;Slalom;97.96%;maximize_distance: 316.17;5.17ms;9.86ms;1.37ms;"=HYPERLINK(""http://wg-server.net:8000/slalom-OrientedRoadFollowingModel-27-01-2025 09:45:18/animation.mp4""; ""Animation"")";"=HYPERLINK(""http://wg-server.net:8000/slalom-OrientedRoadFollowingModel-27-01-2025 09:45:18/stats.pdf""; ""Stats"")"
PM;10.00ms;8;5;2.5;6.0;-4;4;-0.6981317007977318;0.6981317007977318;-8;8;Lane Change;76.27%;minimize_offset_from_reference_path: 8906.02;4.34ms;14.85ms;3.56ms;"=HYPERLINK(""http://wg-server.net:8000/lane_change-RoadAlignedModel-27-01-2025 10:42:58/animation.mp4""; ""Animation"")";"=HYPERLINK(""http://wg-server.net:8000/lane_change-RoadAlignedModel-27-01-2025 10:42:58/stats.pdf""; ""Stats"")"
KST;10.00ms;8;5;2.5;6.0;-4;4;-0.6981317007977318;0.6981317007977318;-8;8;Lane Change;97.01%;minimize_offset_from_reference_path: 10056.38;4.73ms;17.74ms;1.36ms;"=HYPERLINK(""http://wg-server.net:8000/lane_change-OrientedRoadFollowingModel-27-01-2025 10:42:58/animation.mp4""; ""Animation"")";"=HYPERLINK(""http://wg-server.net:8000/lane_change-OrientedRoadFollowingModel-27-01-2025 10:42:58/stats.pdf""; ""Stats"")"
PM;10.00ms;8;5;2.5;6.0;-4;4;-0.6981317007977318;0.6981317007977318;-8;8;Slalom;97.99%;minimize_offset_from_reference_path: 36048.19;4.14ms;13.98ms;1.17ms;"=HYPERLINK(""http://wg-server.net:8000/slalom-RoadAlignedModel-27-01-2025 10:42:58/animation.mp4""; ""Animation"")";"=HYPERLINK(""http://wg-server.net:8000/slalom-RoadAlignedModel-27-01-2025 10:42:58/stats.pdf""; ""Stats"")"
KST;10.00ms;8;5;2.5;6.0;-4;4;-0.6981317007977318;0.6981317007977318;-8;8;Slalom;97.99%;minimize_offset_from_reference_path: 27941.90;4.77ms;5.66ms;1.56ms;"=HYPERLINK(""http://wg-server.net:8000/slalom-OrientedRoadFollowingModel-27-01-2025 10:42:58/animation.mp4""; ""Animation"")";"=HYPERLINK(""http://wg-server.net:8000/slalom-OrientedRoadFollowingModel-27-01-2025 10:42:58/stats.pdf""; ""Stats"")"
PM;10.00ms;8;5;2.5;6.0;-4;4;-0.6981317007977318;0.6981317007977318;-8;8;Elchtest 1;30.11%;minimize_offset_from_reference_path: 1261.56;6.00ms;8.73ms;4.55ms;"=HYPERLINK(""http://wg-server.net:8000/elchtest_1-RoadAlignedModel-27-01-2025 12:58:25/animation.mp4""; ""Animation"")";"=HYPERLINK(""http://wg-server.net:8000/elchtest_1-RoadAlignedModel-27-01-2025 12:58:25/stats.pdf""; ""Stats"")"
KST;10.00ms;8;5;2.5;6.0;-4;4;-0.6981317007977318;0.6981317007977318;-8;8;Elchtest 1;94.99%;minimize_offset_from_reference_path: 4242.11;6.46ms;9.61ms;1.57ms;"=HYPERLINK(""http://wg-server.net:8000/elchtest_1-OrientedRoadFollowingModel-27-01-2025 12:58:25/animation.mp4""; ""Animation"")";"=HYPERLINK(""http://wg-server.net:8000/elchtest_1-OrientedRoadFollowingModel-27-01-2025 12:58:25/stats.pdf""; ""Stats"")"
PM;10.00ms;8;5;2.5;6.0;-4;4;-0.6981317007977318;0.6981317007977318;-8;8;Feasible Curve;64.37%;minimize_offset_from_reference_path: 2620.07;3.56ms;6.74ms;2.51ms;"=HYPERLINK(""http://wg-server.net:8000/feasible_curve-RoadAlignedModel-27-01-2025 12:58:25/animation.mp4""; ""Animation"")";"=HYPERLINK(""http://wg-server.net:8000/feasible_curve-RoadAlignedModel-27-01-2025 12:58:25/stats.pdf""; ""Stats"")"
KST;10.00ms;8;5;2.5;6.0;-4;4;-0.6981317007977318;0.6981317007977318;-8;8;Feasible Curve;94.54%;minimize_offset_from_reference_path: 4439.11;4.53ms;5.58ms;1.45ms;"=HYPERLINK(""http://wg-server.net:8000/feasible_curve-OrientedRoadFollowingModel-27-01-2025 12:58:25/animation.mp4""; ""Animation"")";"=HYPERLINK(""http://wg-server.net:8000/feasible_curve-OrientedRoadFollowingModel-27-01-2025 12:58:25/stats.pdf""; ""Stats"")"
PM;10.00ms;8;5;2.5;6.0;-4;4;-0.6981317007977318;0.6981317007977318;-8;8;Infeasible Curve;40.97%;minimize_offset_from_reference_path: 2176.00;4.16ms;5.19ms;3.62ms;"=HYPERLINK(""http://wg-server.net:8000/infeasible_curve-RoadAlignedModel-27-01-2025 12:58:25/animation.mp4""; ""Animation"")";"=HYPERLINK(""http://wg-server.net:8000/infeasible_curve-RoadAlignedModel-27-01-2025 12:58:25/stats.pdf""; ""Stats"")"
KST;10.00ms;8;5;2.5;6.0;-4;4;-0.6981317007977318;0.6981317007977318;-8;8;Infeasible Curve;48.76%;minimize_offset_from_reference_path: 2120.00;5.00ms;6.40ms;4.56ms;"=HYPERLINK(""http://wg-server.net:8000/infeasible_curve-OrientedRoadFollowingModel-27-01-2025 12:58:25/animation.mp4""; ""Animation"")";"=HYPERLINK(""http://wg-server.net:8000/infeasible_curve-OrientedRoadFollowingModel-27-01-2025 12:58:25/stats.pdf""; ""Stats"")"
PM;10.00ms;8;5;2.5;6.0;-4;4;-0.6981317007977318;0.6981317007977318;-8;8;Random;15.80%;minimize_offset_from_reference_path: 10227.09;4.29ms;5.23ms;4.03ms;"=HYPERLINK(""http://wg-server.net:8000/random-RoadAlignedModel-27-01-2025 12:58:25/animation.mp4""; ""Animation"")";"=HYPERLINK(""http://wg-server.net:8000/random-RoadAlignedModel-27-01-2025 12:58:25/stats.pdf""; ""Stats"")"
KST;10.00ms;8;5;2.5;6.0;-4;4;-0.6981317007977318;0.6981317007977318;-8;8;Random;97.97%;minimize_offset_from_reference_path: 23139.65;5.07ms;17.39ms;0.80ms;"=HYPERLINK(""http://wg-server.net:8000/random-OrientedRoadFollowingModel-27-01-2025 12:58:25/animation.mp4""; ""Animation"")";"=HYPERLINK(""http://wg-server.net:8000/random-OrientedRoadFollowingModel-27-01-2025 12:58:25/stats.pdf""; ""Stats"")"
PM;10.00ms;8;5;8.0;19.2;-4;4;-0.6981317007977318;0.6981317007977318;-8;8;Lane Change;96.90%;minimize_offset_from_reference_path: 3076.03;3.80ms;5.30ms;0.84ms;"=HYPERLINK(""http://wg-server.net:8000/lane_change-RoadAlignedModel-27-01-2025 13:31:15/animation.mp4""; ""Animation"")";"=HYPERLINK(""http://wg-server.net:8000/lane_change-RoadAlignedModel-27-01-2025 13:31:15/stats.pdf""; ""Stats"")"
KST;10.00ms;8;5;8.0;19.2;-4;4;-0.6981317007977318;0.6981317007977318;-8;8;Lane Change;96.93%;minimize_offset_from_reference_path: 3593.85;4.53ms;5.81ms;1.78ms;"=HYPERLINK(""http://wg-server.net:8000/lane_change-OrientedRoadFollowingModel-27-01-2025 13:31:15/animation.mp4""; ""Animation"")";"=HYPERLINK(""http://wg-server.net:8000/lane_change-OrientedRoadFollowingModel-27-01-2025 13:31:15/stats.pdf""; ""Stats"")"
PM;10.00ms;8;5;8.0;19.2;-4;4;-0.6981317007977318;0.6981317007977318;-8;8;Slalom;77.13%;minimize_offset_from_reference_path: 2043.59;2.93ms;4.28ms;2.47ms;"=HYPERLINK(""http://wg-server.net:8000/slalom-RoadAlignedModel-27-01-2025 13:31:15/animation.mp4""; ""Animation"")";"=HYPERLINK(""http://wg-server.net:8000/slalom-RoadAlignedModel-27-01-2025 13:31:15/stats.pdf""; ""Stats"")"
KST;10.00ms;8;5;8.0;19.2;-4;4;-0.6981317007977318;0.6981317007977318;-8;8;Slalom;97.96%;minimize_offset_from_reference_path: 11298.84;4.89ms;5.74ms;0.75ms;"=HYPERLINK(""http://wg-server.net:8000/slalom-OrientedRoadFollowingModel-27-01-2025 13:31:15/animation.mp4""; ""Animation"")";"=HYPERLINK(""http://wg-server.net:8000/slalom-OrientedRoadFollowingModel-27-01-2025 13:31:15/stats.pdf""; ""Stats"")"
PM;10.00ms;8;5;8.0;19.2;-4;4;-0.6981317007977318;0.6981317007977318;-8;8;Elchtest 1;94.91%;minimize_offset_from_reference_path: 1008.69;4.21ms;5.95ms;1.44ms;"=HYPERLINK(""http://wg-server.net:8000/elchtest_1-RoadAlignedModel-27-01-2025 13:31:15/animation.mp4""; ""Animation"")";"=HYPERLINK(""http://wg-server.net:8000/elchtest_1-RoadAlignedModel-27-01-2025 13:31:15/stats.pdf""; ""Stats"")"
KST;10.00ms;8;5;8.0;19.2;-4;4;-0.6981317007977318;0.6981317007977318;-8;8;Elchtest 1;94.86%;minimize_offset_from_reference_path: 1374.80;5.00ms;7.20ms;1.29ms;"=HYPERLINK(""http://wg-server.net:8000/elchtest_1-OrientedRoadFollowingModel-27-01-2025 13:31:15/animation.mp4""; ""Animation"")";"=HYPERLINK(""http://wg-server.net:8000/elchtest_1-OrientedRoadFollowingModel-27-01-2025 13:31:15/stats.pdf""; ""Stats"")"
PM;10.00ms;8;5;8.0;19.2;-4;4;-0.6981317007977318;0.6981317007977318;-8;8;Feasible Curve;0%;minimize_offset_from_reference_path: 0.00;-;-;-;"=HYPERLINK(""http://wg-server.net:8000/feasible_curve-RoadAlignedModel-27-01-2025 13:54:16/animation.mp4""; ""Animation"")";"=HYPERLINK(""http://wg-server.net:8000/feasible_curve-RoadAlignedModel-27-01-2025 13:54:16/stats.pdf""; ""Stats"")"
KST;10.00ms;8;5;8.0;19.2;-4;4;-0.6981317007977318;0.6981317007977318;-8;8;Feasible Curve;94.38%;minimize_offset_from_reference_path: 1451.22;3.41ms;4.71ms;0.98ms;"=HYPERLINK(""http://wg-server.net:8000/feasible_curve-OrientedRoadFollowingModel-27-01-2025 13:54:16/animation.mp4""; ""Animation"")";"=HYPERLINK(""http://wg-server.net:8000/feasible_curve-OrientedRoadFollowingModel-27-01-2025 13:54:16/stats.pdf""; ""Stats"")"
PM;10.00ms;8;5;8.0;19.2;-4;4;-0.6981317007977318;0.6981317007977318;-8;8;Infeasible Curve;93.52%;minimize_offset_from_reference_path: 1537.50;3.39ms;5.02ms;1.32ms;"=HYPERLINK(""http://wg-server.net:8000/infeasible_curve-RoadAlignedModel-27-01-2025 13:54:16/animation.mp4""; ""Animation"")";"=HYPERLINK(""http://wg-server.net:8000/infeasible_curve-RoadAlignedModel-27-01-2025 13:54:16/stats.pdf""; ""Stats"")"
KST;10.00ms;8;5;8.0;19.2;-4;4;-0.6981317007977318;0.6981317007977318;-8;8;Infeasible Curve;50.53%;minimize_offset_from_reference_path: 521.74;3.92ms;4.26ms;3.55ms;"=HYPERLINK(""http://wg-server.net:8000/infeasible_curve-OrientedRoadFollowingModel-27-01-2025 13:54:16/animation.mp4""; ""Animation"")";"=HYPERLINK(""http://wg-server.net:8000/infeasible_curve-OrientedRoadFollowingModel-27-01-2025 13:54:16/stats.pdf""; ""Stats"")"
PM;10.00ms;8;5;8.0;19.2;-4;4;-0.6981317007977318;0.6981317007977318;-8;8;Random;15.79%;minimize_offset_from_reference_path: 1720.19;5.65ms;6.95ms;4.82ms;"=HYPERLINK(""http://wg-server.net:8000/random-RoadAlignedModel-27-01-2025 13:54:16/animation.mp4""; ""Animation"")";"=HYPERLINK(""http://wg-server.net:8000/random-RoadAlignedModel-27-01-2025 13:54:16/stats.pdf""; ""Stats"")"
KST;10.00ms;8;5;8.0;19.2;-4;4;-0.6981317007977318;0.6981317007977318;-8;8;Random;97.92%;minimize_offset_from_reference_path: 8296.67;5.01ms;6.63ms;1.34ms;"=HYPERLINK(""http://wg-server.net:8000/random-OrientedRoadFollowingModel-27-01-2025 13:54:16/animation.mp4""; ""Animation"")";"=HYPERLINK(""http://wg-server.net:8000/random-OrientedRoadFollowingModel-27-01-2025 13:54:16/stats.pdf""; ""Stats"")"
PM;10.00ms;8;5;8.0;19.2;-4;4;-0.6981317007977318;0.6981317007977318;-8;8;Lane Change;96.88%;minimize_control_derivatives: 2527789.31;5.32ms;7.06ms;0.94ms;"=HYPERLINK(""http://wg-server.net:8000/lane_change-RoadAlignedModel-27-01-2025 14:02:52/animation.mp4""; ""Animation"")";"=HYPERLINK(""http://wg-server.net:8000/lane_change-RoadAlignedModel-27-01-2025 14:02:52/stats.pdf""; ""Stats"")"
KST;10.00ms;8;5;8.0;19.2;-4;4;-0.6981317007977318;0.6981317007977318;-8;8;Lane Change;96.95%;minimize_control_derivatives: 85002644.95;6.40ms;8.55ms;1.86ms;"=HYPERLINK(""http://wg-server.net:8000/lane_change-OrientedRoadFollowingModel-27-01-2025 14:02:52/animation.mp4""; ""Animation"")";"=HYPERLINK(""http://wg-server.net:8000/lane_change-OrientedRoadFollowingModel-27-01-2025 14:02:52/stats.pdf""; ""Stats"")"
PM;10.00ms;8;5;8.0;19.2;-4;4;-0.6981317007977318;0.6981317007977318;-8;8;Slalom;97.93%;minimize_control_derivatives: 5508887.29;3.91ms;5.84ms;0.82ms;"=HYPERLINK(""http://wg-server.net:8000/slalom-RoadAlignedModel-27-01-2025 14:02:52/animation.mp4""; ""Animation"")";"=HYPERLINK(""http://wg-server.net:8000/slalom-RoadAlignedModel-27-01-2025 14:02:52/stats.pdf""; ""Stats"")"
KST;10.00ms;8;5;8.0;19.2;-4;4;-0.6981317007977318;0.6981317007977318;-8;8;Slalom;97.95%;minimize_control_derivatives: 379496890.13;7.37ms;9.17ms;1.01ms;"=HYPERLINK(""http://wg-server.net:8000/slalom-OrientedRoadFollowingModel-27-01-2025 14:02:52/animation.mp4""; ""Animation"")";"=HYPERLINK(""http://wg-server.net:8000/slalom-OrientedRoadFollowingModel-27-01-2025 14:02:52/stats.pdf""; ""Stats"")"
PM;10.00ms;8;5;8.0;19.2;-4;4;-0.6981317007977318;0.6981317007977318;-8;8;Elchtest 1;94.85%;minimize_control_derivatives: 5951882.57;5.58ms;10.47ms;1.33ms;"=HYPERLINK(""http://wg-server.net:8000/elchtest_1-RoadAlignedModel-27-01-2025 14:02:52/animation.mp4""; ""Animation"")";"=HYPERLINK(""http://wg-server.net:8000/elchtest_1-RoadAlignedModel-27-01-2025 14:02:52/stats.pdf""; ""Stats"")"
KST;10.00ms;8;5;8.0;19.2;-4;4;-0.6981317007977318;0.6981317007977318;-8;8;Elchtest 1;94.86%;minimize_control_derivatives: 76778578.91;7.00ms;11.61ms;1.79ms;"=HYPERLINK(""http://wg-server.net:8000/elchtest_1-OrientedRoadFollowingModel-27-01-2025 14:02:52/animation.mp4""; ""Animation"")";"=HYPERLINK(""http://wg-server.net:8000/elchtest_1-OrientedRoadFollowingModel-27-01-2025 14:02:52/stats.pdf""; ""Stats"")"
PM;10.00ms;8;5;8.0;19.2;-4;4;-0.6981317007977318;0.6981317007977318;-8;8;Lane Change;96.73%;minimize_control_derivatives_offset_maximize_distance: 6312999.52;6.12ms;9.75ms;1.71ms;"=HYPERLINK(""http://wg-server.net:8000/lane_change-RoadAlignedModel-27-01-2025 14:25:09/animation.mp4""; ""Animation"")";"=HYPERLINK(""http://wg-server.net:8000/lane_change-RoadAlignedModel-27-01-2025 14:25:09/stats.pdf""; ""Stats"")"
KST;10.00ms;8;5;8.0;19.2;-4;4;-0.6981317007977318;0.6981317007977318;-8;8;Lane Change;96.75%;minimize_control_derivatives_offset_maximize_distance: 16965100.93;7.31ms;10.90ms;1.88ms;"=HYPERLINK(""http://wg-server.net:8000/lane_change-OrientedRoadFollowingModel-27-01-2025 14:25:09/animation.mp4""; ""Animation"")";"=HYPERLINK(""http://wg-server.net:8000/lane_change-OrientedRoadFollowingModel-27-01-2025 14:25:09/stats.pdf""; ""Stats"")"
PM;10.00ms;8;5;8.0;19.2;-4;4;-0.6981317007977318;0.6981317007977318;-8;8;Elchtest 1;94.78%;minimize_control_derivatives_offset_maximize_distance: 12132125.47;6.38ms;9.67ms;1.26ms;"=HYPERLINK(""http://wg-server.net:8000/elchtest_1-RoadAlignedModel-27-01-2025 14:25:09/animation.mp4""; ""Animation"")";"=HYPERLINK(""http://wg-server.net:8000/elchtest_1-RoadAlignedModel-27-01-2025 14:25:09/stats.pdf""; ""Stats"")"
KST;10.00ms;8;5;8.0;19.2;-4;4;-0.6981317007977318;0.6981317007977318;-8;8;Elchtest 1;57.66%;minimize_control_derivatives_offset_maximize_distance: 26058582.43;9.04ms;12.38ms;7.26ms;"=HYPERLINK(""http://wg-server.net:8000/elchtest_1-OrientedRoadFollowingModel-27-01-2025 14:25:09/animation.mp4""; ""Animation"")";"=HYPERLINK(""http://wg-server.net:8000/elchtest_1-OrientedRoadFollowingModel-27-01-2025 14:25:09/stats.pdf""; ""Stats"")"
PM;10.00ms;8;5;8.0;19.2;-4;4;-0.6981317007977318;0.6981317007977318;-8;8;Infeasible Curve;51.93%;minimize_control_derivatives_offset_maximize_distance: 4559824.13;4.66ms;5.92ms;4.07ms;"=HYPERLINK(""http://wg-server.net:8000/infeasible_curve-RoadAlignedModel-27-01-2025 14:30:23/animation.mp4""; ""Animation"")";"=HYPERLINK(""http://wg-server.net:8000/infeasible_curve-RoadAlignedModel-27-01-2025 14:30:23/stats.pdf""; ""Stats"")"
KST;10.00ms;8;5;8.0;19.2;-4;4;-0.6981317007977318;0.6981317007977318;-8;8;Infeasible Curve;40.44%;minimize_control_derivatives_offset_maximize_distance: 3938639.85;6.51ms;7.57ms;5.70ms;"=HYPERLINK(""http://wg-server.net:8000/infeasible_curve-OrientedRoadFollowingModel-27-01-2025 14:30:23/animation.mp4""; ""Animation"")";"=HYPERLINK(""http://wg-server.net:8000/infeasible_curve-OrientedRoadFollowingModel-27-01-2025 14:30:23/stats.pdf""; ""Stats"")"
PM;16.67ms;8;5;2.5;6.0;-4;4;-0.6981317007977318;0.6981317007977318;-8;8;Straight;95.89%;minimize_control_derivatives_offset_maximize_distance: 5194037.65;9.16ms;18.23ms;1.77ms;"=HYPERLINK(""http://wg-server.net:8000/straight-RoadAlignedModel-28-01-2025 14:54:59/animation.mp4""; ""Animation"")";"=HYPERLINK(""http://wg-server.net:8000/straight-RoadAlignedModel-28-01-2025 14:54:59/stats.pdf""; ""Stats"")"
KST;16.67ms;8;5;2.5;6.0;-4;4;-0.6981317007977318;0.6981317007977318;-8;8;Straight;95.92%;minimize_control_derivatives_offset_maximize_distance: 5220938.52;10.77ms;13.79ms;1.15ms;"=HYPERLINK(""http://wg-server.net:8000/straight-OrientedRoadFollowingModel-28-01-2025 14:54:59/animation.mp4""; ""Animation"")";"=HYPERLINK(""http://wg-server.net:8000/straight-OrientedRoadFollowingModel-28-01-2025 14:54:59/stats.pdf""; ""Stats"")"
PM;16.67ms;8;5;2.5;6.0;-4;4;-0.6981317007977318;0.6981317007977318;-8;8;Left Turn;95.95%;minimize_control_derivatives_offset_maximize_distance: 1999831.72;8.78ms;10.69ms;1.58ms;"=HYPERLINK(""http://wg-server.net:8000/left_turn-RoadAlignedModel-28-01-2025 14:54:59/animation.mp4""; ""Animation"")";"=HYPERLINK(""http://wg-server.net:8000/left_turn-RoadAlignedModel-28-01-2025 14:54:59/stats.pdf""; ""Stats"")"
KST;16.67ms;8;5;2.5;6.0;-4;4;-0.6981317007977318;0.6981317007977318;-8;8;Left Turn;95.94%;minimize_control_derivatives_offset_maximize_distance: 4208847.01;10.72ms;13.92ms;1.55ms;"=HYPERLINK(""http://wg-server.net:8000/left_turn-OrientedRoadFollowingModel-28-01-2025 14:54:59/animation.mp4""; ""Animation"")";"=HYPERLINK(""http://wg-server.net:8000/left_turn-OrientedRoadFollowingModel-28-01-2025 14:54:59/stats.pdf""; ""Stats"")"
PM;16.67ms;8;5;2.5;6.0;-4;4;-0.6981317007977318;0.6981317007977318;-8;8;Lane Change;95.85%;minimize_control_derivatives_offset_maximize_distance: 2688058.94;8.11ms;9.95ms;1.56ms;"=HYPERLINK(""http://wg-server.net:8000/lane_change-RoadAlignedModel-28-01-2025 14:54:59/animation.mp4""; ""Animation"")";"=HYPERLINK(""http://wg-server.net:8000/lane_change-RoadAlignedModel-28-01-2025 14:54:59/stats.pdf""; ""Stats"")"
KST;16.67ms;8;5;2.5;6.0;-4;4;-0.6981317007977318;0.6981317007977318;-8;8;Lane Change;95.85%;minimize_control_derivatives_offset_maximize_distance: 1589718.28;10.21ms;12.76ms;2.01ms;"=HYPERLINK(""http://wg-server.net:8000/lane_change-OrientedRoadFollowingModel-28-01-2025 14:54:59/animation.mp4""; ""Animation"")";"=HYPERLINK(""http://wg-server.net:8000/lane_change-OrientedRoadFollowingModel-28-01-2025 14:54:59/stats.pdf""; ""Stats"")"
PM;16.67ms;8;5;2.5;6.0;-4;4;-0.6981317007977318;0.6981317007977318;-8;8;Slalom;95.97%;minimize_control_derivatives_offset_maximize_distance: 2178303.38;9.11ms;10.42ms;2.00ms;"=HYPERLINK(""http://wg-server.net:8000/slalom-RoadAlignedModel-28-01-2025 14:54:59/animation.mp4""; ""Animation"")";"=HYPERLINK(""http://wg-server.net:8000/slalom-RoadAlignedModel-28-01-2025 14:54:59/stats.pdf""; ""Stats"")"
KST;16.67ms;8;5;2.5;6.0;-4;4;-0.6981317007977318;0.6981317007977318;-8;8;Slalom;27.74%;minimize_control_derivatives_offset_maximize_distance: 292195.47;11.17ms;13.84ms;10.80ms;"=HYPERLINK(""http://wg-server.net:8000/slalom-OrientedRoadFollowingModel-28-01-2025 14:54:59/animation.mp4""; ""Animation"")";"=HYPERLINK(""http://wg-server.net:8000/slalom-OrientedRoadFollowingModel-28-01-2025 14:54:59/stats.pdf""; ""Stats"")"
PM;16.67ms;8;5;2.5;6.0;-4;4;-0.6981317007977318;0.6981317007977318;-8;8;Elchtest 1;33.41%;minimize_control_derivatives_offset_maximize_distance: 1785093.65;12.05ms;23.80ms;8.39ms;"=HYPERLINK(""http://wg-server.net:8000/elchtest_1-RoadAlignedModel-28-01-2025 14:54:59/animation.mp4""; ""Animation"")";"=HYPERLINK(""http://wg-server.net:8000/elchtest_1-RoadAlignedModel-28-01-2025 14:54:59/stats.pdf""; ""Stats"")"
KST;16.67ms;8;5;2.5;6.0;-4;4;-0.6981317007977318;0.6981317007977318;-8;8;Elchtest 1;60.01%;minimize_control_derivatives_offset_maximize_distance: 386538.35;14.58ms;17.86ms;12.00ms;"=HYPERLINK(""http://wg-server.net:8000/elchtest_1-OrientedRoadFollowingModel-28-01-2025 14:54:59/animation.mp4""; ""Animation"")";"=HYPERLINK(""http://wg-server.net:8000/elchtest_1-OrientedRoadFollowingModel-28-01-2025 14:54:59/stats.pdf""; ""Stats"")"
PM;16.67ms;8;5;2.5;6.0;-4;4;-0.6981317007977318;0.6981317007977318;-8;8;Feasible Curve;44.79%;minimize_control_derivatives_offset_maximize_distance: 1253766.19;7.26ms;9.84ms;5.18ms;"=HYPERLINK(""http://wg-server.net:8000/feasible_curve-RoadAlignedModel-28-01-2025 14:54:59/animation.mp4""; ""Animation"")";"=HYPERLINK(""http://wg-server.net:8000/feasible_curve-RoadAlignedModel-28-01-2025 14:54:59/stats.pdf""; ""Stats"")"
KST;16.67ms;8;5;2.5;6.0;-4;4;-0.6981317007977318;0.6981317007977318;-8;8;Feasible Curve;94.39%;minimize_control_derivatives_offset_maximize_distance: 2778402.62;9.37ms;12.49ms;2.24ms;"=HYPERLINK(""http://wg-server.net:8000/feasible_curve-OrientedRoadFollowingModel-28-01-2025 14:54:59/animation.mp4""; ""Animation"")";"=HYPERLINK(""http://wg-server.net:8000/feasible_curve-OrientedRoadFollowingModel-28-01-2025 14:54:59/stats.pdf""; ""Stats"")"
PM;16.67ms;8;5;2.5;6.0;-4;4;-0.6981317007977318;0.6981317007977318;-8;8;Infeasible Curve;53.39%;minimize_control_derivatives_offset_maximize_distance: 1396132.28;8.47ms;11.38ms;5.97ms;"=HYPERLINK(""http://wg-server.net:8000/infeasible_curve-RoadAlignedModel-28-01-2025 14:54:59/animation.mp4""; ""Animation"")";"=HYPERLINK(""http://wg-server.net:8000/infeasible_curve-RoadAlignedModel-28-01-2025 14:54:59/stats.pdf""; ""Stats"")"
KST;16.67ms;8;5;2.5;6.0;-4;4;-0.6981317007977318;0.6981317007977318;-8;8;Infeasible Curve;48.69%;minimize_control_derivatives_offset_maximize_distance: 3568002.57;11.12ms;12.21ms;10.15ms;"=HYPERLINK(""http://wg-server.net:8000/infeasible_curve-OrientedRoadFollowingModel-28-01-2025 14:54:59/animation.mp4""; ""Animation"")";"=HYPERLINK(""http://wg-server.net:8000/infeasible_curve-OrientedRoadFollowingModel-28-01-2025 14:54:59/stats.pdf""; ""Stats"")"
PM;16.67ms;8;5;2.5;6.0;-4;4;-0.6981317007977318;0.6981317007977318;-8;8;Random;15.78%;minimize_control_derivatives_offset_maximize_distance: 1746901.52;9.38ms;11.15ms;8.23ms;"=HYPERLINK(""http://wg-server.net:8000/random-RoadAlignedModel-28-01-2025 14:54:59/animation.mp4""; ""Animation"")";"=HYPERLINK(""http://wg-server.net:8000/random-RoadAlignedModel-28-01-2025 14:54:59/stats.pdf""; ""Stats"")"
KST;16.67ms;8;5;2.5;6.0;-4;4;-0.6981317007977318;0.6981317007977318;-8;8;Random;95.90%;minimize_control_derivatives_offset_maximize_distance: 2941925.95;11.25ms;18.72ms;1.08ms;"=HYPERLINK(""http://wg-server.net:8000/random-OrientedRoadFollowingModel-28-01-2025 14:54:59/animation.mp4""; ""Animation"")";"=HYPERLINK(""http://wg-server.net:8000/random-OrientedRoadFollowingModel-28-01-2025 14:54:59/stats.pdf""; ""Stats"")"
PM;16.67ms;8;5;8.0;19.2;-4;4;-0.6981317007977318;0.6981317007977318;-8;8;Straight;95.75%;minimize_control_derivatives_offset_maximize_distance: 546471.42;7.64ms;10.56ms;2.09ms;"=HYPERLINK(""http://wg-server.net:8000/straight-RoadAlignedModel-28-01-2025 14:54:59/animation.mp4""; ""Animation"")";"=HYPERLINK(""http://wg-server.net:8000/straight-RoadAlignedModel-28-01-2025 14:54:59/stats.pdf""; ""Stats"")"
KST;16.67ms;8;5;8.0;19.2;-4;4;-0.6981317007977318;0.6981317007977318;-8;8;Straight;95.67%;minimize_control_derivatives_offset_maximize_distance: 493109.40;10.23ms;19.74ms;2.59ms;"=HYPERLINK(""http://wg-server.net:8000/straight-OrientedRoadFollowingModel-28-01-2025 14:54:59/animation.mp4""; ""Animation"")";"=HYPERLINK(""http://wg-server.net:8000/straight-OrientedRoadFollowingModel-28-01-2025 14:54:59/stats.pdf""; ""Stats"")"
PM;16.67ms;8;5;8.0;19.2;-4;4;-0.6981317007977318;0.6981317007977318;-8;8;Left Turn;95.86%;minimize_control_derivatives_offset_maximize_distance: 458429.38;8.05ms;10.54ms;1.08ms;"=HYPERLINK(""http://wg-server.net:8000/left_turn-RoadAlignedModel-28-01-2025 14:54:59/animation.mp4""; ""Animation"")";"=HYPERLINK(""http://wg-server.net:8000/left_turn-RoadAlignedModel-28-01-2025 14:54:59/stats.pdf""; ""Stats"")"
KST;16.67ms;8;5;8.0;19.2;-4;4;-0.6981317007977318;0.6981317007977318;-8;8;Left Turn;36.05%;minimize_control_derivatives_offset_maximize_distance: -360696.77;12.26ms;20.26ms;11.45ms;"=HYPERLINK(""http://wg-server.net:8000/left_turn-OrientedRoadFollowingModel-28-01-2025 14:54:59/animation.mp4""; ""Animation"")";"=HYPERLINK(""http://wg-server.net:8000/left_turn-OrientedRoadFollowingModel-28-01-2025 14:54:59/stats.pdf""; ""Stats"")"
PM;16.67ms;8;5;8.0;19.2;-4;4;-0.6981317007977318;0.6981317007977318;-8;8;Lane Change;95.61%;minimize_control_derivatives_offset_maximize_distance: 1262874.86;6.47ms;10.42ms;1.98ms;"=HYPERLINK(""http://wg-server.net:8000/lane_change-RoadAlignedModel-28-01-2025 14:54:59/animation.mp4""; ""Animation"")";"=HYPERLINK(""http://wg-server.net:8000/lane_change-RoadAlignedModel-28-01-2025 14:54:59/stats.pdf""; ""Stats"")"
KST;16.67ms;8;5;8.0;19.2;-4;4;-0.6981317007977318;0.6981317007977318;-8;8;Lane Change;95.63%;minimize_control_derivatives_offset_maximize_distance: 241924.52;8.43ms;11.81ms;1.18ms;"=HYPERLINK(""http://wg-server.net:8000/lane_change-OrientedRoadFollowingModel-28-01-2025 14:54:59/animation.mp4""; ""Animation"")";"=HYPERLINK(""http://wg-server.net:8000/lane_change-OrientedRoadFollowingModel-28-01-2025 14:54:59/stats.pdf""; ""Stats"")"
PM;16.67ms;8;5;8.0;19.2;-4;4;-0.6981317007977318;0.6981317007977318;-8;8;Slalom;95.86%;minimize_control_derivatives_offset_maximize_distance: 78996.42;4.92ms;8.21ms;0.95ms;"=HYPERLINK(""http://wg-server.net:8000/slalom-RoadAlignedModel-28-01-2025 14:54:59/animation.mp4""; ""Animation"")";"=HYPERLINK(""http://wg-server.net:8000/slalom-RoadAlignedModel-28-01-2025 14:54:59/stats.pdf""; ""Stats"")"
KST;16.67ms;8;5;8.0;19.2;-4;4;-0.6981317007977318;0.6981317007977318;-8;8;Slalom;95.82%;minimize_control_derivatives_offset_maximize_distance: -757151.74;11.00ms;19.67ms;2.13ms;"=HYPERLINK(""http://wg-server.net:8000/slalom-OrientedRoadFollowingModel-28-01-2025 14:54:59/animation.mp4""; ""Animation"")";"=HYPERLINK(""http://wg-server.net:8000/slalom-OrientedRoadFollowingModel-28-01-2025 14:54:59/stats.pdf""; ""Stats"")"
PM;16.67ms;8;5;8.0;19.2;-4;4;-0.6981317007977318;0.6981317007977318;-8;8;Elchtest 1;94.35%;minimize_control_derivatives_offset_maximize_distance: 2783746.95;6.85ms;10.52ms;1.02ms;"=HYPERLINK(""http://wg-server.net:8000/elchtest_1-RoadAlignedModel-28-01-2025 14:54:59/animation.mp4""; ""Animation"")";"=HYPERLINK(""http://wg-server.net:8000/elchtest_1-RoadAlignedModel-28-01-2025 14:54:59/stats.pdf""; ""Stats"")"
KST;16.67ms;8;5;8.0;19.2;-4;4;-0.6981317007977318;0.6981317007977318;-8;8;Elchtest 1;94.37%;minimize_control_derivatives_offset_maximize_distance: 9363012.52;8.04ms;12.26ms;2.39ms;"=HYPERLINK(""http://wg-server.net:8000/elchtest_1-OrientedRoadFollowingModel-28-01-2025 14:54:59/animation.mp4""; ""Animation"")";"=HYPERLINK(""http://wg-server.net:8000/elchtest_1-OrientedRoadFollowingModel-28-01-2025 14:54:59/stats.pdf""; ""Stats"")"
PM;16.67ms;8;5;8.0;19.2;-4;4;-0.6981317007977318;0.6981317007977318;-8;8;Feasible Curve;0%;minimize_control_derivatives_offset_maximize_distance: 0.00;-;-;-;"=HYPERLINK(""http://wg-server.net:8000/feasible_curve-RoadAlignedModel-28-01-2025 19:16:27/animation.mp4""; ""Animation"")";"=HYPERLINK(""http://wg-server.net:8000/feasible_curve-RoadAlignedModel-28-01-2025 19:16:27/stats.pdf""; ""Stats"")"
KST;16.67ms;8;5;8.0;19.2;-4;4;-0.6981317007977318;0.6981317007977318;-8;8;Feasible Curve;93.60%;minimize_control_derivatives_offset_maximize_distance: 10053123.30;6.60ms;10.95ms;2.23ms;"=HYPERLINK(""http://wg-server.net:8000/feasible_curve-OrientedRoadFollowingModel-28-01-2025 19:16:27/animation.mp4""; ""Animation"")";"=HYPERLINK(""http://wg-server.net:8000/feasible_curve-OrientedRoadFollowingModel-28-01-2025 19:16:27/stats.pdf""; ""Stats"")"
PM;16.67ms;8;5;8.0;19.2;-4;4;-0.6981317007977318;0.6981317007977318;-8;8;Infeasible Curve;51.86%;minimize_control_derivatives_offset_maximize_distance: 931389.32;5.75ms;6.96ms;5.03ms;"=HYPERLINK(""http://wg-server.net:8000/infeasible_curve-RoadAlignedModel-28-01-2025 19:16:27/animation.mp4""; ""Animation"")";"=HYPERLINK(""http://wg-server.net:8000/infeasible_curve-RoadAlignedModel-28-01-2025 19:16:27/stats.pdf""; ""Stats"")"
KST;16.67ms;8;5;8.0;19.2;-4;4;-0.6981317007977318;0.6981317007977318;-8;8;Infeasible Curve;41.03%;minimize_control_derivatives_offset_maximize_distance: 1177317.35;8.10ms;10.26ms;7.31ms;"=HYPERLINK(""http://wg-server.net:8000/infeasible_curve-OrientedRoadFollowingModel-28-01-2025 19:16:27/animation.mp4""; ""Animation"")";"=HYPERLINK(""http://wg-server.net:8000/infeasible_curve-OrientedRoadFollowingModel-28-01-2025 19:16:27/stats.pdf""; ""Stats"")"
PM;16.67ms;8;5;8.0;19.2;-4;4;-0.6981317007977318;0.6981317007977318;-8;8;Random;13.67%;minimize_control_derivatives_offset_maximize_distance: 229175.08;11.82ms;14.07ms;9.75ms;"=HYPERLINK(""http://wg-server.net:8000/random-RoadAlignedModel-28-01-2025 19:16:27/animation.mp4""; ""Animation"")";"=HYPERLINK(""http://wg-server.net:8000/random-RoadAlignedModel-28-01-2025 19:16:27/stats.pdf""; ""Stats"")"
KST;16.67ms;8;5;8.0;19.2;-4;4;-0.6981317007977318;0.6981317007977318;-8;8;Random;13.27%;minimize_control_derivatives_offset_maximize_distance: 2902881.03;12.61ms;14.39ms;11.48ms;"=HYPERLINK(""http://wg-server.net:8000/random-OrientedRoadFollowingModel-28-01-2025 19:16:27/animation.mp4""; ""Animation"")";"=HYPERLINK(""http://wg-server.net:8000/random-OrientedRoadFollowingModel-28-01-2025 19:16:27/stats.pdf""; ""Stats"")"
PM;16.67ms;8;5;8.0;32;-4;4;-0.6981317007977318;0.6981317007977318;-8;8;Straight;95.43%;maximize_distance: 171.77;4.94ms;11.11ms;0.82ms;"=HYPERLINK(""http://wg-server.net:8000/straight-RoadAlignedModel-28-01-2025 19:48:58/animation.mp4""; ""Animation"")";"=HYPERLINK(""http://wg-server.net:8000/straight-RoadAlignedModel-28-01-2025 19:48:58/stats.pdf""; ""Stats"")"
KST;16.67ms;8;5;8.0;32;-4;4;-0.6981317007977318;0.6981317007977318;-8;8;Straight;92.47%;maximize_distance: 166.44;6.00ms;11.52ms;2.26ms;"=HYPERLINK(""http://wg-server.net:8000/straight-OrientedRoadFollowingModel-28-01-2025 19:48:58/animation.mp4""; ""Animation"")";"=HYPERLINK(""http://wg-server.net:8000/straight-OrientedRoadFollowingModel-28-01-2025 19:48:58/stats.pdf""; ""Stats"")"
PM;16.67ms;8;5;8.0;32;-4;4;-0.6981317007977318;0.6981317007977318;-8;8;Left Turn;95.76%;maximize_distance: 225.64;4.77ms;7.69ms;0.53ms;"=HYPERLINK(""http://wg-server.net:8000/left_turn-RoadAlignedModel-28-01-2025 19:48:58/animation.mp4""; ""Animation"")";"=HYPERLINK(""http://wg-server.net:8000/left_turn-RoadAlignedModel-28-01-2025 19:48:58/stats.pdf""; ""Stats"")"
KST;16.67ms;8;5;8.0;32;-4;4;-0.6981317007977318;0.6981317007977318;-8;8;Left Turn;56.13%;maximize_distance: 132.26;6.94ms;8.32ms;5.11ms;"=HYPERLINK(""http://wg-server.net:8000/left_turn-OrientedRoadFollowingModel-28-01-2025 19:48:58/animation.mp4""; ""Animation"")";"=HYPERLINK(""http://wg-server.net:8000/left_turn-OrientedRoadFollowingModel-28-01-2025 19:48:58/stats.pdf""; ""Stats"")"
PM;16.67ms;8;5;8.0;32;-4;4;-0.6981317007977318;0.6981317007977318;-8;8;Lane Change;95.42%;maximize_distance: 97.22;3.65ms;6.68ms;0.97ms;"=HYPERLINK(""http://wg-server.net:8000/lane_change-RoadAlignedModel-28-01-2025 19:48:58/animation.mp4""; ""Animation"")";"=HYPERLINK(""http://wg-server.net:8000/lane_change-RoadAlignedModel-28-01-2025 19:48:58/stats.pdf""; ""Stats"")"
KST;16.67ms;8;5;8.0;32;-4;4;-0.6981317007977318;0.6981317007977318;-8;8;Lane Change;95.33%;maximize_distance: 97.13;5.34ms;7.62ms;1.63ms;"=HYPERLINK(""http://wg-server.net:8000/lane_change-OrientedRoadFollowingModel-28-01-2025 19:48:58/animation.mp4""; ""Animation"")";"=HYPERLINK(""http://wg-server.net:8000/lane_change-OrientedRoadFollowingModel-28-01-2025 19:48:58/stats.pdf""; ""Stats"")"
PM;16.67ms;8;5;8.0;32;-4;4;-0.6981317007977318;0.6981317007977318;-8;8;Slalom;0%;maximize_distance: 0.00;-;-;-;"=HYPERLINK(""http://wg-server.net:8000/slalom-RoadAlignedModel-28-01-2025 19:48:58/animation.mp4""; ""Animation"")";"=HYPERLINK(""http://wg-server.net:8000/slalom-RoadAlignedModel-28-01-2025 19:48:58/stats.pdf""; ""Stats"")"
KST;16.67ms;8;5;8.0;32;-4;4;-0.6981317007977318;0.6981317007977318;-8;8;Slalom;45.77%;maximize_distance: 147.73;6.69ms;12.17ms;5.87ms;"=HYPERLINK(""http://wg-server.net:8000/slalom-OrientedRoadFollowingModel-28-01-2025 19:48:58/animation.mp4""; ""Animation"")";"=HYPERLINK(""http://wg-server.net:8000/slalom-OrientedRoadFollowingModel-28-01-2025 19:48:58/stats.pdf""; ""Stats"")"
PM;16.67ms;8;5;8.0;32;-4;4;-0.6981317007977318;0.6981317007977318;-8;8;Elchtest 1;94.53%;maximize_distance: 57.66;5.36ms;8.00ms;1.41ms;"=HYPERLINK(""http://wg-server.net:8000/elchtest_1-RoadAlignedModel-28-01-2025 19:48:58/animation.mp4""; ""Animation"")";"=HYPERLINK(""http://wg-server.net:8000/elchtest_1-RoadAlignedModel-28-01-2025 19:48:58/stats.pdf""; ""Stats"")"
KST;16.67ms;8;5;8.0;32;-4;4;-0.6981317007977318;0.6981317007977318;-8;8;Elchtest 1;94.36%;maximize_distance: 57.56;6.44ms;9.00ms;1.33ms;"=HYPERLINK(""http://wg-server.net:8000/elchtest_1-OrientedRoadFollowingModel-28-01-2025 19:48:58/animation.mp4""; ""Animation"")";"=HYPERLINK(""http://wg-server.net:8000/elchtest_1-OrientedRoadFollowingModel-28-01-2025 19:48:58/stats.pdf""; ""Stats"")"
PM;16.67ms;8;5;8.0;32;-4;4;-0.6981317007977318;0.6981317007977318;-8;8;Feasible Curve;43.08%;maximize_distance: 24.00;3.47ms;5.81ms;1.56ms;"=HYPERLINK(""http://wg-server.net:8000/feasible_curve-RoadAlignedModel-28-01-2025 19:48:58/animation.mp4""; ""Animation"")";"=HYPERLINK(""http://wg-server.net:8000/feasible_curve-RoadAlignedModel-28-01-2025 19:48:58/stats.pdf""; ""Stats"")"
KST;16.67ms;8;5;8.0;32;-4;4;-0.6981317007977318;0.6981317007977318;-8;8;Feasible Curve;93.92%;maximize_distance: 52.32;4.44ms;7.53ms;1.42ms;"=HYPERLINK(""http://wg-server.net:8000/feasible_curve-OrientedRoadFollowingModel-28-01-2025 19:48:58/animation.mp4""; ""Animation"")";"=HYPERLINK(""http://wg-server.net:8000/feasible_curve-OrientedRoadFollowingModel-28-01-2025 19:48:58/stats.pdf""; ""Stats"")"
PM;16.67ms;8;5;8.0;32;-4;4;-0.6981317007977318;0.6981317007977318;-8;8;Infeasible Curve;47.94%;maximize_distance: 23.39;3.38ms;4.71ms;1.51ms;"=HYPERLINK(""http://wg-server.net:8000/infeasible_curve-RoadAlignedModel-28-01-2025 19:48:58/animation.mp4""; ""Animation"")";"=HYPERLINK(""http://wg-server.net:8000/infeasible_curve-RoadAlignedModel-28-01-2025 19:48:58/stats.pdf""; ""Stats"")"
KST;16.67ms;8;5;8.0;32;-4;4;-0.6981317007977318;0.6981317007977318;-8;8;Infeasible Curve;50.86%;maximize_distance: 24.82;5.14ms;6.88ms;3.86ms;"=HYPERLINK(""http://wg-server.net:8000/infeasible_curve-OrientedRoadFollowingModel-28-01-2025 19:48:58/animation.mp4""; ""Animation"")";"=HYPERLINK(""http://wg-server.net:8000/infeasible_curve-OrientedRoadFollowingModel-28-01-2025 19:48:58/stats.pdf""; ""Stats"")"
PM;16.67ms;8;5;8.0;32;-4;4;-0.6981317007977318;0.6981317007977318;-8;8;Random;21.14%;maximize_distance: 40.12;6.57ms;8.71ms;5.06ms;"=HYPERLINK(""http://wg-server.net:8000/random-RoadAlignedModel-28-01-2025 19:48:58/animation.mp4""; ""Animation"")";"=HYPERLINK(""http://wg-server.net:8000/random-RoadAlignedModel-28-01-2025 19:48:58/stats.pdf""; ""Stats"")"
KST;16.67ms;8;5;8.0;32;-4;4;-0.6981317007977318;0.6981317007977318;-8;8;Random;95.82%;maximize_distance: 181.79;6.84ms;9.20ms;1.26ms;"=HYPERLINK(""http://wg-server.net:8000/random-OrientedRoadFollowingModel-28-01-2025 19:48:58/animation.mp4""; ""Animation"")";"=HYPERLINK(""http://wg-server.net:8000/random-OrientedRoadFollowingModel-28-01-2025 19:48:58/stats.pdf""; ""Stats"")"
PM;10.00ms;8;5;6.0;24;-4;4;-0.6981317007977318;0.6981317007977318;-8;8;Straight;95.75%;maximize_distance: 172.34;5.22ms;8.40ms;0.72ms;"=HYPERLINK(""http://wg-server.net:8000/straight-RoadAlignedModel-28-01-2025 22:19:23/animation.mp4""; ""Animation"")";"=HYPERLINK(""http://wg-server.net:8000/straight-RoadAlignedModel-28-01-2025 22:19:23/stats.pdf""; ""Stats"")"
KST;10.00ms;8;5;6.0;24;-4;4;-0.6981317007977318;0.6981317007977318;-8;8;Straight;95.85%;maximize_distance: 172.53;5.54ms;7.80ms;1.25ms;"=HYPERLINK(""http://wg-server.net:8000/straight-OrientedRoadFollowingModel-28-01-2025 22:19:23/animation.mp4""; ""Animation"")";"=HYPERLINK(""http://wg-server.net:8000/straight-OrientedRoadFollowingModel-28-01-2025 22:19:23/stats.pdf""; ""Stats"")"
PM;10.00ms;8;5;6.0;24;-4;4;-0.6981317007977318;0.6981317007977318;-8;8;Left Turn;95.89%;maximize_distance: 225.94;6.02ms;9.97ms;1.11ms;"=HYPERLINK(""http://wg-server.net:8000/left_turn-RoadAlignedModel-28-01-2025 22:19:23/animation.mp4""; ""Animation"")";"=HYPERLINK(""http://wg-server.net:8000/left_turn-RoadAlignedModel-28-01-2025 22:19:23/stats.pdf""; ""Stats"")"
KST;10.00ms;8;5;6.0;24;-4;4;-0.6981317007977318;0.6981317007977318;-8;8;Left Turn;32.20%;maximize_distance: 75.87;7.11ms;8.40ms;6.60ms;"=HYPERLINK(""http://wg-server.net:8000/left_turn-OrientedRoadFollowingModel-28-01-2025 22:19:23/animation.mp4""; ""Animation"")";"=HYPERLINK(""http://wg-server.net:8000/left_turn-OrientedRoadFollowingModel-28-01-2025 22:19:23/stats.pdf""; ""Stats"")"
PM;10.00ms;8;5;6.0;24;-4;4;-0.6981317007977318;0.6981317007977318;-8;8;Lane Change;95.63%;maximize_distance: 97.44;4.02ms;7.47ms;0.56ms;"=HYPERLINK(""http://wg-server.net:8000/lane_change-RoadAlignedModel-28-01-2025 22:19:23/animation.mp4""; ""Animation"")";"=HYPERLINK(""http://wg-server.net:8000/lane_change-RoadAlignedModel-28-01-2025 22:19:23/stats.pdf""; ""Stats"")"
KST;10.00ms;8;5;6.0;24;-4;4;-0.6981317007977318;0.6981317007977318;-8;8;Lane Change;95.65%;maximize_distance: 97.46;5.69ms;8.06ms;1.16ms;"=HYPERLINK(""http://wg-server.net:8000/lane_change-OrientedRoadFollowingModel-28-01-2025 22:19:23/animation.mp4""; ""Animation"")";"=HYPERLINK(""http://wg-server.net:8000/lane_change-OrientedRoadFollowingModel-28-01-2025 22:19:23/stats.pdf""; ""Stats"")"
PM;10.00ms;8;5;6.0;24;-4;4;-0.6981317007977318;0.6981317007977318;-8;8;Slalom;6.31%;maximize_distance: 20.38;5.24ms;5.95ms;4.46ms;"=HYPERLINK(""http://wg-server.net:8000/slalom-RoadAlignedModel-28-01-2025 22:19:23/animation.mp4""; ""Animation"")";"=HYPERLINK(""http://wg-server.net:8000/slalom-RoadAlignedModel-28-01-2025 22:19:23/stats.pdf""; ""Stats"")"
KST;10.00ms;8;5;6.0;24;-4;4;-0.6981317007977318;0.6981317007977318;-8;8;Slalom;75.79%;maximize_distance: 244.62;6.94ms;14.55ms;5.43ms;"=HYPERLINK(""http://wg-server.net:8000/slalom-OrientedRoadFollowingModel-28-01-2025 22:19:23/animation.mp4""; ""Animation"")";"=HYPERLINK(""http://wg-server.net:8000/slalom-OrientedRoadFollowingModel-28-01-2025 22:19:23/stats.pdf""; ""Stats"")"
PM;10.00ms;8;5;6.0;24;-4;4;-0.6981317007977318;0.6981317007977318;-8;8;Elchtest 1;94.81%;maximize_distance: 57.83;6.88ms;10.15ms;1.00ms;"=HYPERLINK(""http://wg-server.net:8000/elchtest_1-RoadAlignedModel-28-01-2025 22:19:23/animation.mp4""; ""Animation"")";"=HYPERLINK(""http://wg-server.net:8000/elchtest_1-RoadAlignedModel-28-01-2025 22:19:23/stats.pdf""; ""Stats"")"
KST;10.00ms;8;5;6.0;24;-4;4;-0.6981317007977318;0.6981317007977318;-8;8;Elchtest 1;94.75%;maximize_distance: 57.80;7.91ms;11.07ms;1.31ms;"=HYPERLINK(""http://wg-server.net:8000/elchtest_1-OrientedRoadFollowingModel-28-01-2025 22:19:23/animation.mp4""; ""Animation"")";"=HYPERLINK(""http://wg-server.net:8000/elchtest_1-OrientedRoadFollowingModel-28-01-2025 22:19:23/stats.pdf""; ""Stats"")"
PM;10.00ms;8;5;6.0;24;-4;4;-0.6981317007977318;0.6981317007977318;-8;8;Feasible Curve;37.99%;maximize_distance: 21.16;4.36ms;6.03ms;1.85ms;"=HYPERLINK(""http://wg-server.net:8000/feasible_curve-RoadAlignedModel-28-01-2025 22:19:23/animation.mp4""; ""Animation"")";"=HYPERLINK(""http://wg-server.net:8000/feasible_curve-RoadAlignedModel-28-01-2025 22:19:23/stats.pdf""; ""Stats"")"
KST;10.00ms;8;5;6.0;24;-4;4;-0.6981317007977318;0.6981317007977318;-8;8;Feasible Curve;94.20%;maximize_distance: 52.48;4.90ms;6.69ms;1.39ms;"=HYPERLINK(""http://wg-server.net:8000/feasible_curve-OrientedRoadFollowingModel-28-01-2025 22:19:23/animation.mp4""; ""Animation"")";"=HYPERLINK(""http://wg-server.net:8000/feasible_curve-OrientedRoadFollowingModel-28-01-2025 22:19:23/stats.pdf""; ""Stats"")"
PM;10.00ms;8;5;6.0;24;-4;4;-0.6981317007977318;0.6981317007977318;-8;8;Infeasible Curve;54.47%;maximize_distance: 26.58;4.29ms;5.87ms;1.72ms;"=HYPERLINK(""http://wg-server.net:8000/infeasible_curve-RoadAlignedModel-28-01-2025 22:19:23/animation.mp4""; ""Animation"")";"=HYPERLINK(""http://wg-server.net:8000/infeasible_curve-RoadAlignedModel-28-01-2025 22:19:23/stats.pdf""; ""Stats"")"
KST;10.00ms;8;5;6.0;24;-4;4;-0.6981317007977318;0.6981317007977318;-8;8;Infeasible Curve;52.58%;maximize_distance: 25.66;5.73ms;6.78ms;3.60ms;"=HYPERLINK(""http://wg-server.net:8000/infeasible_curve-OrientedRoadFollowingModel-28-01-2025 22:19:23/animation.mp4""; ""Animation"")";"=HYPERLINK(""http://wg-server.net:8000/infeasible_curve-OrientedRoadFollowingModel-28-01-2025 22:19:23/stats.pdf""; ""Stats"")"
PM;10.00ms;8;5;6.0;24;-4;4;-0.6981317007977318;0.6981317007977318;-8;8;Random;11.32%;maximize_distance: 21.47;7.26ms;8.35ms;6.10ms;"=HYPERLINK(""http://wg-server.net:8000/random-RoadAlignedModel-28-01-2025 22:19:23/animation.mp4""; ""Animation"")";"=HYPERLINK(""http://wg-server.net:8000/random-RoadAlignedModel-28-01-2025 22:19:23/stats.pdf""; ""Stats"")"
KST;10.00ms;8;5;6.0;24;-4;4;-0.6981317007977318;0.6981317007977318;-8;8;Random;95.89%;maximize_distance: 181.93;7.10ms;9.75ms;1.04ms;"=HYPERLINK(""http://wg-server.net:8000/random-OrientedRoadFollowingModel-28-01-2025 22:19:23/animation.mp4""; ""Animation"")";"=HYPERLINK(""http://wg-server.net:8000/random-OrientedRoadFollowingModel-28-01-2025 22:19:23/stats.pdf""; ""Stats"")"
PM;10.00ms;30;5;6.0;24;-4;4;-0.6981317007977318;0.6981317007977318;-8;8;Straight;95.74%;minimize_control_derivatives_offset_maximize_distance: 1977234.44;10.45ms;17.06ms;2.67ms;"=HYPERLINK(""http://wg-server.net:8000/straight-RoadAlignedModel-01-02-2025 11:11:36/animation.mp4""; ""Animation"")";"=HYPERLINK(""http://wg-server.net:8000/straight-RoadAlignedModel-01-02-2025 11:11:36/stats.pdf""; ""Stats"")"
KST;10.00ms;30;5;6.0;24;-4;4;-0.6981317007977318;0.6981317007977318;-8;8;Straight;95.74%;minimize_control_derivatives_offset_maximize_distance: 1741968.23;12.50ms;16.00ms;3.18ms;"=HYPERLINK(""http://wg-server.net:8000/straight-OrientedRoadFollowingModel-01-02-2025 11:11:36/animation.mp4""; ""Animation"")";"=HYPERLINK(""http://wg-server.net:8000/straight-OrientedRoadFollowingModel-01-02-2025 11:11:36/stats.pdf""; ""Stats"")"
PM;10.00ms;30;5;6.0;24;-4;4;-0.6981317007977318;0.6981317007977318;-8;8;Left Turn;95.84%;minimize_control_derivatives_offset_maximize_distance: 1045998.69;12.37ms;48.34ms;1.96ms;"=HYPERLINK(""http://wg-server.net:8000/left_turn-RoadAlignedModel-01-02-2025 11:11:36/animation.mp4""; ""Animation"")";"=HYPERLINK(""http://wg-server.net:8000/left_turn-RoadAlignedModel-01-02-2025 11:11:36/stats.pdf""; ""Stats"")"
KST;10.00ms;30;5;6.0;24;-4;4;-0.6981317007977318;0.6981317007977318;-8;8;Left Turn;53.18%;minimize_control_derivatives_offset_maximize_distance: 33625811.70;14.41ms;16.61ms;13.14ms;"=HYPERLINK(""http://wg-server.net:8000/left_turn-OrientedRoadFollowingModel-01-02-2025 11:11:36/animation.mp4""; ""Animation"")";"=HYPERLINK(""http://wg-server.net:8000/left_turn-OrientedRoadFollowingModel-01-02-2025 11:11:36/stats.pdf""; ""Stats"")"
PM;10.00ms;30;5;6.0;24;-4;4;-0.6981317007977318;0.6981317007977318;-8;8;Lane Change;95.83%;minimize_control_derivatives_offset_maximize_distance: 3905643.56;41.44ms;212.52ms;17.37ms;"=HYPERLINK(""http://wg-server.net:8000/lane_change-RoadAlignedModel-01-02-2025 11:11:36/animation.mp4""; ""Animation"")";"=HYPERLINK(""http://wg-server.net:8000/lane_change-RoadAlignedModel-01-02-2025 11:11:36/stats.pdf""; ""Stats"")"
KST;10.00ms;30;5;6.0;24;-4;4;-0.6981317007977318;0.6981317007977318;-8;8;Lane Change;95.60%;minimize_control_derivatives_offset_maximize_distance: 196439288.82;41.15ms;69.07ms;6.43ms;"=HYPERLINK(""http://wg-server.net:8000/lane_change-OrientedRoadFollowingModel-01-02-2025 11:11:36/animation.mp4""; ""Animation"")";"=HYPERLINK(""http://wg-server.net:8000/lane_change-OrientedRoadFollowingModel-01-02-2025 11:11:36/stats.pdf""; ""Stats"")"
PM;10.00ms;30;5;6.0;24;-4;4;-0.6981317007977318;0.6981317007977318;-8;8;Slalom;9.57%;minimize_control_derivatives_offset_maximize_distance: 2194919.49;47.39ms;69.30ms;34.97ms;"=HYPERLINK(""http://wg-server.net:8000/slalom-RoadAlignedModel-01-02-2025 11:11:36/animation.mp4""; ""Animation"")";"=HYPERLINK(""http://wg-server.net:8000/slalom-RoadAlignedModel-01-02-2025 11:11:36/stats.pdf""; ""Stats"")"
KST;10.00ms;30;5;6.0;24;-4;4;-0.6981317007977318;0.6981317007977318;-8;8;Slalom;39.07%;minimize_control_derivatives_offset_maximize_distance: 21763322.14;63.30ms;75.35ms;37.61ms;"=HYPERLINK(""http://wg-server.net:8000/slalom-OrientedRoadFollowingModel-01-02-2025 11:11:36/animation.mp4""; ""Animation"")";"=HYPERLINK(""http://wg-server.net:8000/slalom-OrientedRoadFollowingModel-01-02-2025 11:11:36/stats.pdf""; ""Stats"")"
PM;10.00ms;30;5;6.0;24;-4;4;-0.6981317007977318;0.6981317007977318;-8;8;Elchtest 1;55.03%;minimize_control_derivatives_offset_maximize_distance: 804698.47;64.81ms;78.60ms;39.87ms;"=HYPERLINK(""http://wg-server.net:8000/elchtest_1-RoadAlignedModel-01-02-2025 11:11:36/animation.mp4""; ""Animation"")";"=HYPERLINK(""http://wg-server.net:8000/elchtest_1-RoadAlignedModel-01-02-2025 11:11:36/stats.pdf""; ""Stats"")"
KST;10.00ms;30;5;6.0;24;-4;4;-0.6981317007977318;0.6981317007977318;-8;8;Elchtest 1;53.44%;minimize_control_derivatives_offset_maximize_distance: 104887304.54;61.77ms;91.79ms;44.14ms;"=HYPERLINK(""http://wg-server.net:8000/elchtest_1-OrientedRoadFollowingModel-01-02-2025 11:11:36/animation.mp4""; ""Animation"")";"=HYPERLINK(""http://wg-server.net:8000/elchtest_1-OrientedRoadFollowingModel-01-02-2025 11:11:36/stats.pdf""; ""Stats"")"
PM;10.00ms;30;5;6.0;24;-4;4;-0.6981317007977318;0.6981317007977318;-8;8;Feasible Curve;37.88%;minimize_control_derivatives_offset_maximize_distance: 1548123.42;38.28ms;50.44ms;28.09ms;"=HYPERLINK(""http://wg-server.net:8000/feasible_curve-RoadAlignedModel-01-02-2025 11:11:36/animation.mp4""; ""Animation"")";"=HYPERLINK(""http://wg-server.net:8000/feasible_curve-RoadAlignedModel-01-02-2025 11:11:36/stats.pdf""; ""Stats"")"
KST;10.00ms;30;5;6.0;24;-4;4;-0.6981317007977318;0.6981317007977318;-8;8;Feasible Curve;94.29%;minimize_control_derivatives_offset_maximize_distance: 102941164.05;12.04ms;25.73ms;4.76ms;"=HYPERLINK(""http://wg-server.net:8000/feasible_curve-OrientedRoadFollowingModel-01-02-2025 11:11:36/animation.mp4""; ""Animation"")";"=HYPERLINK(""http://wg-server.net:8000/feasible_curve-OrientedRoadFollowingModel-01-02-2025 11:11:36/stats.pdf""; ""Stats"")"
PM;10.00ms;30;5;6.0;24;-4;4;-0.6981317007977318;0.6981317007977318;-8;8;Infeasible Curve;43.94%;minimize_control_derivatives_offset_maximize_distance: 1826826.54;19.73ms;32.82ms;6.95ms;"=HYPERLINK(""http://wg-server.net:8000/infeasible_curve-RoadAlignedModel-01-02-2025 11:11:36/animation.mp4""; ""Animation"")";"=HYPERLINK(""http://wg-server.net:8000/infeasible_curve-RoadAlignedModel-01-02-2025 11:11:36/stats.pdf""; ""Stats"")"
KST;10.00ms;30;5;6.0;24;-4;4;-0.6981317007977318;0.6981317007977318;-8;8;Infeasible Curve;59.60%;minimize_control_derivatives_offset_maximize_distance: 117689049.30;11.57ms;12.47ms;10.89ms;"=HYPERLINK(""http://wg-server.net:8000/infeasible_curve-OrientedRoadFollowingModel-01-02-2025 11:11:36/animation.mp4""; ""Animation"")";"=HYPERLINK(""http://wg-server.net:8000/infeasible_curve-OrientedRoadFollowingModel-01-02-2025 11:11:36/stats.pdf""; ""Stats"")"
PM;10.00ms;30;5;6.0;24;-4;4;-0.6981317007977318;0.6981317007977318;-8;8;Random;14.09%;minimize_control_derivatives_offset_maximize_distance: 1360584.44;14.54ms;18.67ms;12.83ms;"=HYPERLINK(""http://wg-server.net:8000/random-RoadAlignedModel-01-02-2025 11:11:36/animation.mp4""; ""Animation"")";"=HYPERLINK(""http://wg-server.net:8000/random-RoadAlignedModel-01-02-2025 11:11:36/stats.pdf""; ""Stats"")"
KST;10.00ms;30;5;6.0;24;-4;4;-0.6981317007977318;0.6981317007977318;-8;8;Random;27.55%;minimize_control_derivatives_offset_maximize_distance: 258334720.82;18.65ms;29.97ms;12.76ms;"=HYPERLINK(""http://wg-server.net:8000/random-OrientedRoadFollowingModel-01-02-2025 11:11:36/animation.mp4""; ""Animation"")";"=HYPERLINK(""http://wg-server.net:8000/random-OrientedRoadFollowingModel-01-02-2025 11:11:36/stats.pdf""; ""Stats"")"
PM;16.67ms;4;3;6.0;14.399999999999999;-4;4;-0.6981317007977318;0.6981317007977318;-8;8;Straight;95.75%;minimize_control_derivatives_offset_maximize_distance: 1162414.30;3.96ms;14.86ms;0.96ms;"=HYPERLINK(""http://wg-server.net:8000/straight-RoadAlignedModel-08-02-2025 20:10:39/animation.mp4""; ""Animation"")";"=HYPERLINK(""http://wg-server.net:8000/straight-RoadAlignedModel-08-02-2025 20:10:39/stats.pdf""; ""Stats"")"
PM;16.67ms;4;3;6.0;14.399999999999999;-4;4;-0.6981317007977318;0.6981317007977318;-8;8;Left Turn;0.89%;minimize_control_derivatives_offset_maximize_distance: 255968.89;3.55ms;3.70ms;3.45ms;"=HYPERLINK(""http://wg-server.net:8000/left_turn-RoadAlignedModel-08-02-2025 20:10:39/animation.mp4""; ""Animation"")";"=HYPERLINK(""http://wg-server.net:8000/left_turn-RoadAlignedModel-08-02-2025 20:10:39/stats.pdf""; ""Stats"")"
PM;16.67ms;4;3;6.0;14.399999999999999;-4;4;-0.6981317007977318;0.6981317007977318;-8;8;Straight;95.75%;minimize_control_derivatives_offset_maximize_distance: 1162414.30;4.23ms;6.54ms;0.98ms;"=HYPERLINK(""http://wg-server.net:8000/straight-RoadAlignedModel-08-02-2025 20:19:19/animation.mp4""; ""Animation"")";"=HYPERLINK(""http://wg-server.net:8000/straight-RoadAlignedModel-08-02-2025 20:19:19/stats.pdf""; ""Stats"")"
PM;16.67ms;4;3;6.0;14.399999999999999;-4;4;-0.6981317007977318;0.6981317007977318;-8;8;Left Turn;0.89%;minimize_control_derivatives_offset_maximize_distance: 255968.89;3.84ms;3.97ms;3.71ms;"=HYPERLINK(""http://wg-server.net:8000/left_turn-RoadAlignedModel-08-02-2025 20:19:19/animation.mp4""; ""Animation"")";"=HYPERLINK(""http://wg-server.net:8000/left_turn-RoadAlignedModel-08-02-2025 20:19:19/stats.pdf""; ""Stats"")"
PM;16.67ms;4;3;6.0;14.399999999999999;-4;4;-0.6981317007977318;0.6981317007977318;-8;8;Straight;95.75%;minimize_control_derivatives_offset_maximize_distance: 1162414.30;4.31ms;6.11ms;0.97ms;"=HYPERLINK(""http://wg-server.net:8000/straight-RoadAlignedModel-08-02-2025 21:02:54/animation.mp4""; ""Animation"")";"=HYPERLINK(""http://wg-server.net:8000/straight-RoadAlignedModel-08-02-2025 21:02:54/stats.pdf""; ""Stats"")"
PM;16.67ms;4;3;6.0;14.399999999999999;-4;4;-0.6981317007977318;0.6981317007977318;-8;8;Left Turn;0.89%;minimize_control_derivatives_offset_maximize_distance: 255968.89;3.87ms;4.05ms;3.72ms;"=HYPERLINK(""http://wg-server.net:8000/left_turn-RoadAlignedModel-08-02-2025 21:02:54/animation.mp4""; ""Animation"")";"=HYPERLINK(""http://wg-server.net:8000/left_turn-RoadAlignedModel-08-02-2025 21:02:54/stats.pdf""; ""Stats"")"
PM;16.67ms;4;3;6.0;14.399999999999999;-4;4;-0.6981317007977318;0.6981317007977318;-8;8;Straight;95.75%;minimize_control_derivatives_offset_maximize_distance: 1162414.30;4.02ms;14.08ms;1.05ms;"=HYPERLINK(""http://wg-server.net:8000/straight-RoadAlignedModel-08-02-2025 21:26:33/animation.mp4""; ""Animation"")";"=HYPERLINK(""http://wg-server.net:8000/straight-RoadAlignedModel-08-02-2025 21:26:33/stats.pdf""; ""Stats"")"
PM;16.67ms;4;3;6.0;14.399999999999999;-4;4;-0.6981317007977318;0.6981317007977318;-8;8;Left Turn;10.04%;minimize_control_derivatives_offset_maximize_distance: 169588.14;4.01ms;4.61ms;3.75ms;"=HYPERLINK(""http://wg-server.net:8000/left_turn-RoadAlignedModel-08-02-2025 21:26:33/animation.mp4""; ""Animation"")";"=HYPERLINK(""http://wg-server.net:8000/left_turn-RoadAlignedModel-08-02-2025 21:26:33/stats.pdf""; ""Stats"")"
PM;16.67ms;4;3;6.0;14.399999999999999;-4;4;-0.6981317007977318;0.6981317007977318;-8;8;Straight;95.87%;minimize_control_derivatives_offset_maximize_distance: 1486702.97;6.75ms;18.60ms;1.24ms;"=HYPERLINK(""http://wg-server.net:8000/straight-RoadAlignedModel-08-02-2025 21:37:38/animation.mp4""; ""Animation"")";"=HYPERLINK(""http://wg-server.net:8000/straight-RoadAlignedModel-08-02-2025 21:37:38/stats.pdf""; ""Stats"")"
PM;16.67ms;4;3;6.0;14.399999999999999;-4;4;-0.6981317007977318;0.6981317007977318;-8;8;Left Turn;95.84%;minimize_control_derivatives_offset_maximize_distance: 731423.57;6.78ms;7.99ms;1.48ms;"=HYPERLINK(""http://wg-server.net:8000/left_turn-RoadAlignedModel-08-02-2025 21:37:38/animation.mp4""; ""Animation"")";"=HYPERLINK(""http://wg-server.net:8000/left_turn-RoadAlignedModel-08-02-2025 21:37:38/stats.pdf""; ""Stats"")"
PM;16.67ms;4;3;6.0;14.399999999999999;-4;4;-0.6981317007977318;0.6981317007977318;-8;8;Lane Change;28.63%;minimize_control_derivatives_offset_maximize_distance: 470659.08;6.04ms;7.29ms;5.50ms;"=HYPERLINK(""http://wg-server.net:8000/lane_change-RoadAlignedModel-08-02-2025 23:30:35/animation.mp4""; ""Animation"")";"=HYPERLINK(""http://wg-server.net:8000/lane_change-RoadAlignedModel-08-02-2025 23:30:35/stats.pdf""; ""Stats"")"
PM;16.67ms;4;3;6.0;14.399999999999999;-4;4;-0.6981317007977318;0.6981317007977318;-8;8;Slalom;25.52%;minimize_control_derivatives_offset_maximize_distance: 237343.39;6.39ms;11.10ms;5.52ms;"=HYPERLINK(""http://wg-server.net:8000/slalom-RoadAlignedModel-08-02-2025 23:30:35/animation.mp4""; ""Animation"")";"=HYPERLINK(""http://wg-server.net:8000/slalom-RoadAlignedModel-08-02-2025 23:30:35/stats.pdf""; ""Stats"")"
PM;16.67ms;4;3;6.0;14.399999999999999;-4;4;-0.6981317007977318;0.6981317007977318;-8;8;Elchtest 1;41.41%;minimize_control_derivatives_offset_maximize_distance: 1134639.78;7.67ms;16.89ms;5.40ms;"=HYPERLINK(""http://wg-server.net:8000/elchtest_1-RoadAlignedModel-08-02-2025 23:30:35/animation.mp4""; ""Animation"")";"=HYPERLINK(""http://wg-server.net:8000/elchtest_1-RoadAlignedModel-08-02-2025 23:30:35/stats.pdf""; ""Stats"")"
PM;16.67ms;4;3;6.0;14.399999999999999;-4;4;-0.6981317007977318;0.6981317007977318;-8;8;Lane Change;0%;minimize_control_derivatives_offset_maximize_distance: 0.00;-;-;-;"=HYPERLINK(""http://wg-server.net:8000/lane_change-RoadAlignedModel-09-02-2025 00:23:59/animation.mp4""; ""Animation"")";"=HYPERLINK(""http://wg-server.net:8000/lane_change-RoadAlignedModel-09-02-2025 00:23:59/stats.pdf""; ""Stats"")"
PM;16.67ms;4;3;6.0;14.399999999999999;-4;4;-0.6981317007977318;0.6981317007977318;-8;8;Slalom;0%;minimize_control_derivatives_offset_maximize_distance: 0.00;-;-;-;"=HYPERLINK(""http://wg-server.net:8000/slalom-RoadAlignedModel-09-02-2025 00:23:59/animation.mp4""; ""Animation"")";"=HYPERLINK(""http://wg-server.net:8000/slalom-RoadAlignedModel-09-02-2025 00:23:59/stats.pdf""; ""Stats"")"
PM;16.67ms;4;3;6.0;14.399999999999999;-4;4;-0.6981317007977318;0.6981317007977318;-8;8;Elchtest 1;0%;minimize_control_derivatives_offset_maximize_distance: 0.00;-;-;-;"=HYPERLINK(""http://wg-server.net:8000/elchtest_1-RoadAlignedModel-09-02-2025 00:23:59/animation.mp4""; ""Animation"")";"=HYPERLINK(""http://wg-server.net:8000/elchtest_1-RoadAlignedModel-09-02-2025 00:23:59/stats.pdf""; ""Stats"")"
PM;16.67ms;4;3;6.0;14.399999999999999;-4;4;-0.6981317007977318;0.6981317007977318;-8;8;Feasible Curve;0%;minimize_control_derivatives_offset_maximize_distance: 0.00;-;-;-;"=HYPERLINK(""http://wg-server.net:8000/feasible_curve-RoadAlignedModel-09-02-2025 00:23:59/animation.mp4""; ""Animation"")";"=HYPERLINK(""http://wg-server.net:8000/feasible_curve-RoadAlignedModel-09-02-2025 00:23:59/stats.pdf""; ""Stats"")"
PM;16.67ms;4;3;6.0;14.399999999999999;-4;4;-0.6981317007977318;0.6981317007977318;-8;8;Infeasible Curve;0%;minimize_control_derivatives_offset_maximize_distance: 0.00;-;-;-;"=HYPERLINK(""http://wg-server.net:8000/infeasible_curve-RoadAlignedModel-09-02-2025 00:23:59/animation.mp4""; ""Animation"")";"=HYPERLINK(""http://wg-server.net:8000/infeasible_curve-RoadAlignedModel-09-02-2025 00:23:59/stats.pdf""; ""Stats"")"
PM;16.67ms;4;3;6.0;14.399999999999999;-4;4;-0.6981317007977318;0.6981317007977318;-8;8;Random;0%;minimize_control_derivatives_offset_maximize_distance: 0.00;-;-;-;"=HYPERLINK(""http://wg-server.net:8000/random-RoadAlignedModel-09-02-2025 00:23:59/animation.mp4""; ""Animation"")";"=HYPERLINK(""http://wg-server.net:8000/random-RoadAlignedModel-09-02-2025 00:23:59/stats.pdf""; ""Stats"")"
PM;16.67ms;4;3;6.0;14.399999999999999;-4;4;-0.6981317007977318;0.6981317007977318;-8;8;Straight;0%;minimize_control_derivatives_offset_maximize_distance: 0.00;-;-;-;"=HYPERLINK(""http://wg-server.net:8000/straight-RoadAlignedModel-09-02-2025 00:31:53/animation.mp4""; ""Animation"")";"=HYPERLINK(""http://wg-server.net:8000/straight-RoadAlignedModel-09-02-2025 00:31:53/stats.pdf""; ""Stats"")"
PM;16.67ms;4;3;6.0;14.399999999999999;-4;4;-0.6981317007977318;0.6981317007977318;-8;8;Straight;0%;minimize_control_derivatives_offset_maximize_distance: 0.00;-;-;-;"=HYPERLINK(""http://wg-server.net:8000/straight-RoadAlignedModel-09-02-2025 00:32:22/animation.mp4""; ""Animation"")";"=HYPERLINK(""http://wg-server.net:8000/straight-RoadAlignedModel-09-02-2025 00:32:22/stats.pdf""; ""Stats"")"
PM;16.67ms;4;3;6.0;14.399999999999999;-4;4;-0.6981317007977318;0.6981317007977318;-8;8;Left Turn;0%;minimize_control_derivatives_offset_maximize_distance: 0.00;-;-;-;"=HYPERLINK(""http://wg-server.net:8000/left_turn-RoadAlignedModel-09-02-2025 00:32:22/animation.mp4""; ""Animation"")";"=HYPERLINK(""http://wg-server.net:8000/left_turn-RoadAlignedModel-09-02-2025 00:32:22/stats.pdf""; ""Stats"")"
PM;16.67ms;4;3;6.0;14.399999999999999;-4;4;-0.6981317007977318;0.6981317007977318;-8;8;Straight;0%;minimize_control_derivatives_offset_maximize_distance: 0.00;-;-;-;"=HYPERLINK(""http://wg-server.net:8000/straight-RoadAlignedModel-09-02-2025 00:33:58/animation.mp4""; ""Animation"")";"=HYPERLINK(""http://wg-server.net:8000/straight-RoadAlignedModel-09-02-2025 00:33:58/stats.pdf""; ""Stats"")"
PM;16.67ms;4;3;6.0;14.399999999999999;-4;4;-0.6981317007977318;0.6981317007977318;-8;8;Straight;95.76%;minimize_control_derivatives_offset_maximize_distance: 1469458.41;6.37ms;8.90ms;1.77ms;"=HYPERLINK(""http://wg-server.net:8000/straight-RoadAlignedModel-09-02-2025 00:37:35/animation.mp4""; ""Animation"")";"=HYPERLINK(""http://wg-server.net:8000/straight-RoadAlignedModel-09-02-2025 00:37:35/stats.pdf""; ""Stats"")"
PM;16.67ms;4;3;6.0;14.399999999999999;-4;4;-0.6981317007977318;0.6981317007977318;-8;8;Left Turn;95.88%;minimize_control_derivatives_offset_maximize_distance: 736557.02;6.41ms;7.52ms;1.66ms;"=HYPERLINK(""http://wg-server.net:8000/left_turn-RoadAlignedModel-09-02-2025 00:37:35/animation.mp4""; ""Animation"")";"=HYPERLINK(""http://wg-server.net:8000/left_turn-RoadAlignedModel-09-02-2025 00:37:35/stats.pdf""; ""Stats"")"
PM;16.67ms;4;3;6.0;14.399999999999999;-4;4;-0.6981317007977318;0.6981317007977318;-8;8;Lane Change;26.96%;minimize_control_derivatives_offset_maximize_distance: 462082.18;6.26ms;6.99ms;5.66ms;"=HYPERLINK(""http://wg-server.net:8000/lane_change-RoadAlignedModel-09-02-2025 00:37:35/animation.mp4""; ""Animation"")";"=HYPERLINK(""http://wg-server.net:8000/lane_change-RoadAlignedModel-09-02-2025 00:37:35/stats.pdf""; ""Stats"")"
PM;16.67ms;4;3;6.0;14.399999999999999;-4;4;-0.6981317007977318;0.6981317007977318;-8;8;Slalom;26.25%;minimize_control_derivatives_offset_maximize_distance: 206084.61;6.28ms;7.19ms;5.52ms;"=HYPERLINK(""http://wg-server.net:8000/slalom-RoadAlignedModel-09-02-2025 00:37:35/animation.mp4""; ""Animation"")";"=HYPERLINK(""http://wg-server.net:8000/slalom-RoadAlignedModel-09-02-2025 00:37:35/stats.pdf""; ""Stats"")"
PM;16.67ms;4;3;6.0;14.399999999999999;-4;4;-0.6981317007977318;0.6981317007977318;-8;8;Elchtest 1;41.41%;minimize_control_derivatives_offset_maximize_distance: 1135015.62;7.19ms;9.60ms;5.61ms;"=HYPERLINK(""http://wg-server.net:8000/elchtest_1-RoadAlignedModel-09-02-2025 00:37:35/animation.mp4""; ""Animation"")";"=HYPERLINK(""http://wg-server.net:8000/elchtest_1-RoadAlignedModel-09-02-2025 00:37:35/stats.pdf""; ""Stats"")"
PM;16.67ms;4;3;6.0;14.399999999999999;-4;4;-0.6981317007977318;0.6981317007977318;-8;8;Feasible Curve;59.53%;minimize_control_derivatives_offset_maximize_distance: 2467711.69;5.36ms;7.10ms;4.25ms;"=HYPERLINK(""http://wg-server.net:8000/feasible_curve-RoadAlignedModel-09-02-2025 00:37:35/animation.mp4""; ""Animation"")";"=HYPERLINK(""http://wg-server.net:8000/feasible_curve-RoadAlignedModel-09-02-2025 00:37:35/stats.pdf""; ""Stats"")"
PM;16.67ms;4;3;6.0;14.399999999999999;-4;4;-0.6981317007977318;0.6981317007977318;-8;8;Infeasible Curve;45.20%;minimize_control_derivatives_offset_maximize_distance: 2820880.04;6.00ms;7.38ms;4.03ms;"=HYPERLINK(""http://wg-server.net:8000/infeasible_curve-RoadAlignedModel-09-02-2025 00:37:35/animation.mp4""; ""Animation"")";"=HYPERLINK(""http://wg-server.net:8000/infeasible_curve-RoadAlignedModel-09-02-2025 00:37:35/stats.pdf""; ""Stats"")"
PM;16.67ms;4;3;6.0;14.399999999999999;-4;4;-0.6981317007977318;0.6981317007977318;-8;8;Random;15.78%;minimize_control_derivatives_offset_maximize_distance: 5699721.22;7.19ms;9.17ms;5.51ms;"=HYPERLINK(""http://wg-server.net:8000/random-RoadAlignedModel-09-02-2025 00:37:35/animation.mp4""; ""Animation"")";"=HYPERLINK(""http://wg-server.net:8000/random-RoadAlignedModel-09-02-2025 00:37:35/stats.pdf""; ""Stats"")"
PM;16.67ms;8;5;6.0;14.399999999999999;-4;4;-0.6981317007977318;0.6981317007977318;-8;8;Straight;95.82%;minimize_control_derivatives_offset_maximize_distance: 1495856.15;13.30ms;15.61ms;2.14ms;"=HYPERLINK(""http://wg-server.net:8000/straight-RoadAlignedModel-09-02-2025 12:23:08/animation.mp4""; ""Animation"")";"=HYPERLINK(""http://wg-server.net:8000/straight-RoadAlignedModel-09-02-2025 12:23:08/stats.pdf""; ""Stats"")"
PM;16.67ms;8;5;6.0;14.399999999999999;-4;4;-0.6981317007977318;0.6981317007977318;-8;8;Left Turn;95.91%;minimize_control_derivatives_offset_maximize_distance: 357477.18;13.58ms;16.40ms;2.53ms;"=HYPERLINK(""http://wg-server.net:8000/left_turn-RoadAlignedModel-09-02-2025 12:23:08/animation.mp4""; ""Animation"")";"=HYPERLINK(""http://wg-server.net:8000/left_turn-RoadAlignedModel-09-02-2025 12:23:08/stats.pdf""; ""Stats"")"
PM;16.67ms;8;5;6.0;14.399999999999999;-4;4;-0.6981317007977318;0.6981317007977318;-8;8;Lane Change;95.64%;minimize_control_derivatives_offset_maximize_distance: 1090531.87;11.91ms;16.56ms;2.69ms;"=HYPERLINK(""http://wg-server.net:8000/lane_change-RoadAlignedModel-09-02-2025 12:23:08/animation.mp4""; ""Animation"")";"=HYPERLINK(""http://wg-server.net:8000/lane_change-RoadAlignedModel-09-02-2025 12:23:08/stats.pdf""; ""Stats"")"
